{
   "left_uv_to_rect_x":[
      -0.5520610430105567,
      0.048310981346533444,
      -0.02115675128854319,
      -0.2824006932786597,
      1.2647591783081775,
      -0.2979232806313397,
      -0.33008972148370475,
      0.5935493188215235,
      -0.7556333713133215,
      0.8195898813138093,
      -0.03201474606830513,
      -0.5699213249441167,
      0.5137275099933796,
      -0.7665786278438143,
      0.44273422536895457,
      0.11954800880621069
   ],
   "left_uv_to_rect_y":[
      -0.4997111473962736,
      0.9383063034151428,
      -0.0700025730406168,
      0.10856469640946617,
      -0.0361557487696027,
      1.0213724903618728,
      -1.5973068442825336,
      0.8535501460179111,
      0.007461362562334206,
      -0.8163927924982763,
      1.7005833907772205,
      -0.8987542849798584,
      -0.05928967927771317,
      0.6202653764650762,
      -1.0768816452320802,
      0.6745286008236648
   ],
   "right_uv_to_rect_x":[
      -0.4709182515276419,
      0.16783319199479085,
      -0.008373029876637406,
      0.1256405924083119,
      1.2313299452206776,
      -0.6686407332655573,
      0.5200010950283301,
      -0.008590895699425116,
      -0.6445353319445293,
      0.8843717578800689,
      -0.6076036217503105,
      0.016806441352937754,
      0.44609284920651576,
      -0.5289341776178776,
      0.20205202399518016,
      0.1458700496799031
   ],
   "right_uv_to_rect_y":[
      -0.5674216139850993,
      1.6743423234009938,
      -0.9012312345785904,
      0.6833150778988885,
      0.25344944555486915,
      -1.5486532351294455,
      2.0028741210425816,
      -1.4385737896552886,
      -0.2892667407226524,
      1.8786189754702434,
      -3.2420331804373816,
      2.2116631563969436,
      0.08135604793617895,
      -0.9323641937801821,
      1.8487829052773543,
      -1.207847455496204
   ]
}