{
    "left_uv_to_rect_x": [
        -0.5258490199514608,
        0.06536444195990015,
        0.09951484005885812,
        -0.49846878806143224,
        1.106265592491626,
        0.21525230617546817,
        -1.5377524003579772,
        1.603578046557598,
        -0.35107906906433123,
        -0.8987724014923824,
        3.0658772662935974,
        -2.5420975152803,
        0.2700541861978578,
        0.426574175052577,
        -1.6453402298404656,
        1.3364303349267572
    ],
    "left_uv_to_rect_y": [
        -0.5060367832582364,
        1.1428681373123122,
        -0.4447456860375,
        0.38593603413300154,
        0.08867441780734403,
        0.19246154587154923,
        -0.11933040081332677,
        -0.09925937601727075,
        -0.11231513547712818,
        -0.0042263601296848585,
        0.10455939413320639,
        0.1612808229728131,
        -0.048063423533187155,
        0.4473930805265291,
        -0.6241990284833892,
        0.330129082420568
    ],
    "right_uv_to_rect_x": [
        -0.47829898493176143,
        0.20570679507344036,
        -0.07199030409653173,
        0.1588756817638333,
        1.269874005130758,
        -0.8328223657366325,
        0.7324426217252202,
        -0.1112652246326209,
        -0.7019946406607463,
        1.2256436288197738,
        -1.1095198955763377,
        0.2834243629647919,
        0.46938154681999295,
        -0.6491292920661538,
        0.3055799573524274,
        0.12712076926516874
    ],
    "right_uv_to_rect_y": [
        -0.5655082702001109,
        1.6616601776783493,
        -0.923129568896712,
        0.7204449849431631,
        0.3233766683167761,
        -1.8445458735761746,
        2.5281693936750753,
        -1.6995149336979118,
        -0.431390601871234,
        2.849251963721766,
        -4.955324676699686,
        3.115942343819489,
        0.20969986994373446,
        -1.7144320586370543,
        3.1867278828704917,
        -1.8903412811969225
    ]
}