{
    "left_uv_to_rect_x": [
        -0.5182321755816139,
        0.036095460345808295,
        0.13864781508212476,
        -0.49762501096037315,
        1.0907133260858628,
        0.23640625904363852,
        -1.3494201460323958,
        1.354789920655648,
        -0.3142742190635607,
        -0.9168527253998126,
        2.6781226925494277,
        -2.0728742507786095,
        0.24951763700925358,
        0.4338352554652356,
        -1.4256104714583668,
        1.072775149037386
    ],
    "left_uv_to_rect_y": [
        -0.4627640622757982,
        1.0984900435278024,
        -0.4188823589294123,
        0.40352686308553076,
        0.029080727996043998,
        0.29218485937993516,
        -0.2647427676530607,
        -0.02205270110940613,
        -0.06239454317760135,
        -0.18252554838170032,
        0.374674598802053,
        0.009034037576645157,
        -0.0717396449073226,
        0.596627825740139,
        -0.8630496396926083,
        0.4570375071339553
    ],
    "right_uv_to_rect_x": [
        -0.4901604751946748,
        0.2383628747303259,
        -0.13997880859157755,
        0.20050531805966718,
        1.322235928199622,
        -1.0749639549232777,
        1.1064370340132355,
        -0.3149515020248467,
        -0.8406964847341115,
        1.8907669804443257,
        -2.138123826220458,
        0.8263429919047315,
        0.557935605374538,
        -1.0561385278862936,
        0.9494105084669892,
        -0.22527426719073326
    ],
    "right_uv_to_rect_y": [
        -0.5462194571820921,
        1.6776626711065434,
        -1.0375976885894214,
        0.8148303642063954,
        0.393982170922726,
        -2.332174496046531,
        3.430108528231287,
        -2.1893170189535955,
        -0.6351883571363326,
        4.146172290287728,
        -7.162504469267973,
        4.284171167116784,
        0.37705068129844843,
        -2.6327685559150598,
        4.702773852472776,
        -2.685891823304559
    ]
}