{
    "left_uv_to_rect_x": [
        -0.5300741913151095,
        0.11539252441120634,
        -0.01346471903347475,
        -0.4360508468309712,
        1.1336952715031452,
        0.007683233387296276,
        -1.2065339882918098,
        1.463370946847874,
        -0.4202043281289752,
        -0.5045138362226625,
        2.4911588058729563,
        -2.325741810084515,
        0.3092160858918771,
        0.19740858288176683,
        -1.3127184941742358,
        1.2186046847003702
    ],
    "left_uv_to_rect_y": [
        -0.5470136631927173,
        1.2179948151191329,
        -0.5284040411323144,
        0.391732015878594,
        0.17488837111806366,
        -0.08564612572049002,
        0.2748363250719722,
        -0.2524921017755287,
        -0.21312344510048198,
        0.47042675147427115,
        -0.5759271275699847,
        0.4338465386763699,
        -0.003555880796876576,
        0.17788663665899065,
        -0.2398619258763105,
        0.18474224134524025
    ],
    "right_uv_to_rect_x": [
        -0.4711086456040976,
        0.18619776140923283,
        -0.0319002645343166,
        0.1371220677896447,
        1.24203266097207,
        -0.7548034702880692,
        0.6699151490734576,
        -0.09264206114152575,
        -0.6553281476974029,
        1.0791904908910357,
        -0.9874863160069034,
        0.2393410163751411,
        0.4497599746220477,
        -0.6220099874563589,
        0.31078483367484827,
        0.13006160609789852
    ],
    "right_uv_to_rect_y": [
        -0.5827372501958894,
        1.679302993597112,
        -0.9019917698498897,
        0.6766415216063131,
        0.26992927292973934,
        -1.5137907926744743,
        1.9106552559778722,
        -1.3564525098429758,
        -0.281495337373675,
        1.7811875677243174,
        -3.0187395113140005,
        2.034983837111107,
        0.07190775284808021,
        -0.8758149061046858,
        1.6871327518738874,
        -1.052320600134749
    ]
}